clientes;status;genero;compras;regiao;pagto;qtde;pedido;amostras
1;0;0;1;1;1;2;400;Treino
2;0;0;1;0;1;1;1000;Treino
3;0;0;1;0;1;1;100;Treino
4;0;1;1;0;1;1;200;Teste
5;0;0;1;0;1;5;500;Teste
6;1;0;2;0;1;2;400;Teste
7;0;0;1;0;0;1;100;Teste
8;1;0;2;0;1;2;400;Teste
9;0;0;8;0;1;2;500;Teste
10;0;1;1;0;1;2;200;Teste
11;0;0;1;0;1;1;200;Teste
12;0;0;1;1;1;1;400;Teste
13;1;0;2;0;1;1;100;Teste
14;1;0;2;1;1;1;100;Teste
15;1;0;1;0;1;2;300;Treino
16;0;0;1;1;1;1;300;Treino
17;0;0;1;1;1;1;400;Teste
18;1;0;1;0;1;1;300;Treino
19;0;0;3;0;1;4;900;Treino
20;0;0;2;0;1;1;200;Teste
21;1;0;1;0;1;1;400;Treino
22;0;0;14;0;0;4;2000;Treino
23;0;0;2;0;0;1;400;Teste
24;0;0;1;0;1;1;100;Teste
25;1;0;2;0;1;1;100;Treino
26;0;0;1;1;1;1;400;Teste
27;1;0;3;0;1;3;600;Teste
28;0;0;1;0;1;1;300;Treino
29;0;0;1;1;1;4;1000;Treino
30;0;0;1;0;1;1;200;Teste
31;0;0;7;0;1;1;300;Treino
32;0;0;1;1;1;1;1000;Treino
33;0;0;1;0;1;1;100;Treino
34;0;0;9;0;1;1;400;Treino
35;0;0;2;1;1;2;200;Treino
36;1;0;2;0;1;1;100;Teste
37;0;0;4;0;1;1;100;Treino
38;0;0;4;0;1;1;200;Teste
39;0;0;1;0;1;1;300;Treino
40;0;0;2;0;1;1;200;Treino
41;0;0;1;0;1;3;1000;Treino
42;1;1;1;0;1;1;90;Teste
43;0;0;1;0;1;1;300;Treino
44;0;0;1;0;1;1;200;Treino
45;0;0;2;0;1;1;300;Treino
46;0;0;2;1;1;1;100;Teste
47;0;0;7;0;1;1;200;Teste
48;1;0;9;0;1;1;300;Treino
49;0;0;5;0;1;1;600;Treino
50;0;0;1;0;1;2;200;Teste
51;0;0;1;0;1;1;100;Treino
52;0;0;1;0;1;1;100;Teste
53;1;0;2;1;1;4;1000;Treino
54;1;0;1;0;1;1;500;Teste
55;0;1;1;0;1;1;100;Teste
56;0;1;1;0;1;1;100;Treino
57;1;0;7;0;1;1;400;Teste
58;0;0;1;0;1;1;300;Treino
59;0;0;2;1;1;2;400;Teste
60;0;0;2;0;1;3;800;Treino
61;0;0;1;1;1;1;400;Teste
62;1;0;1;0;1;1;100;Treino
63;0;0;1;0;1;1;100;Teste
64;0;0;5;0;1;1;300;Teste
65;0;0;1;1;1;2;800;Treino
66;1;0;1;1;1;1;200;Teste
67;0;0;7;0;1;1;400;Teste
68;0;0;3;0;1;2;100;Teste
69;0;0;1;0;1;1;200;Teste
70;0;0;1;1;1;1;300;Teste
71;1;0;2;0;1;1;200;Treino
72;1;0;3;0;1;2;500;Treino
73;0;0;2;1;1;1;400;Treino
74;0;0;1;1;1;1;100;Teste
75;0;0;1;1;1;1;100;Treino
76;1;1;9;1;1;1;200;Teste
77;0;0;1;0;1;1;90;Treino
78;1;0;3;0;1;2;400;Teste
79;0;1;1;0;1;1;100;Treino
80;1;0;1;0;1;1;100;Teste
81;0;0;2;1;1;4;700;Treino
82;0;0;2;0;1;7;2000;Teste
83;1;0;2;0;1;4;1000;Treino
84;0;0;2;1;1;1;300;Treino
85;1;1;1;1;1;10;4000;Teste
86;0;0;1;1;1;3;1000;Treino
87;0;0;5;1;1;2;200;Teste
88;0;0;2;0;1;2;200;Teste
89;0;0;1;0;1;1;200;Treino
90;1;0;1;0;1;1;200;Teste
91;0;0;1;0;1;2;200;Treino
92;1;0;1;0;1;1;400;Teste
93;0;0;1;0;0;2;200;Treino
94;0;0;1;0;1;1;300;Teste
95;0;0;1;0;1;1;200;Teste
96;1;0;1;0;1;1;100;Teste
97;0;0;1;0;1;2;500;Treino
98;1;0;1;0;1;1;500;Teste
99;1;0;3;0;1;2;700;Treino
100;0;0;1;0;1;1;200;Teste
101;0;0;3;0;1;1;300;Teste
102;1;1;9;1;1;1;100;Teste
103;1;0;2;0;1;1;200;Treino
104;1;0;1;0;1;1;100;Treino
105;0;0;6;1;1;4;1000;Treino
106;1;0;3;0;1;1;300;Treino
107;0;0;6;1;1;5;600;Teste
108;0;0;1;1;1;2;100;Treino
109;1;0;9;0;1;1;300;Teste
110;0;0;1;0;1;2;600;Treino
111;1;0;9;0;1;2;200;Treino
112;0;0;3;0;1;2;700;Teste
113;0;0;2;0;1;2;700;Teste
114;0;0;14;0;1;4;2000;Treino
115;1;0;2;0;1;1;300;Teste
116;0;0;1;1;0;3;300;Treino
117;0;0;5;0;1;1;400;Treino
118;0;0;1;0;1;1;400;Teste
119;0;0;1;1;1;2;1000;Treino
120;0;0;1;0;1;1;400;Teste
121;0;0;2;0;1;1;300;Treino
122;1;0;1;0;1;1;1000;Teste
123;0;0;2;0;1;1;100;Teste
124;1;0;2;1;1;1;100;Treino
125;1;0;1;0;1;1;400;Teste
126;0;0;2;1;1;2;200;Treino
127;0;0;3;0;1;1;200;Treino
128;0;0;1;0;1;1;100;Teste
129;0;0;1;0;1;1;100;Treino
130;0;0;2;1;1;1;800;Treino
131;1;0;1;0;1;1;300;Treino
132;1;0;1;0;1;2;300;Teste
133;1;0;1;0;1;2;100;Treino
134;0;0;1;0;1;1;100;Teste
135;0;0;1;0;1;3;300;Treino
136;0;0;4;0;1;1;100;Teste
137;0;0;1;0;1;1;300;Teste
138;1;0;4;0;1;1;100;Treino
139;0;0;2;0;1;1;400;Teste
140;0;0;1;0;0;1;200;Treino
141;1;0;1;1;1;1;300;Treino
142;1;0;3;0;1;3;400;Teste
143;0;1;4;0;1;1;100;Treino
144;1;0;1;0;1;1;200;Teste
145;0;0;2;0;1;1;100;Treino
146;0;0;1;0;1;1;90;Teste
147;0;0;4;0;1;1;200;Treino
148;0;0;2;0;1;1;400;Treino
149;1;0;3;1;0;1;300;Teste
150;0;0;2;0;1;3;900;Treino
151;0;0;1;0;0;1;300;Teste
152;0;0;1;0;1;1;300;Teste
153;1;0;3;0;1;1;100;Teste
154;0;0;14;0;1;1;300;Teste
155;0;0;1;0;1;1;100;Teste
156;0;0;2;0;1;1;300;Treino
157;0;0;14;0;0;4;1000;Teste
158;1;1;9;1;1;1;100;Teste
159;0;0;1;1;1;1;200;Teste
160;1;0;8;0;1;1;200;Teste
161;0;0;1;0;1;1;200;Treino
162;0;0;3;0;1;3;1000;Treino
163;0;0;5;1;1;7;1000;Treino
164;0;0;3;0;1;1;100;Treino
165;0;1;1;1;1;1;300;Teste
166;1;0;4;0;1;1;400;Teste
167;0;0;3;0;1;1;100;Treino
168;1;0;1;0;1;2;200;Treino
169;0;0;2;1;1;2;600;Treino
170;0;0;4;0;1;1;300;Teste
171;1;0;1;0;1;3;1000;Teste
172;0;0;2;0;1;2;600;Teste
173;0;0;1;1;0;2;600;Treino
174;1;0;1;0;1;1;100;Teste
175;0;0;1;0;1;2;700;Teste
176;0;0;2;0;1;1;1000;Treino
177;1;0;1;1;1;1;200;Teste
178;1;0;3;0;1;1;1000;Teste
179;1;0;2;0;1;1;300;Treino
180;1;0;3;1;1;1;300;Treino
181;0;0;2;1;1;1;100;Treino
182;0;0;6;1;1;2;1000;Teste
183;0;0;2;0;1;2;600;Teste
184;0;0;1;0;1;1;100;Teste
185;0;0;1;1;1;1;100;Treino
186;0;0;5;0;1;1;400;Teste
187;1;0;2;0;1;2;1000;Treino
188;1;0;3;1;1;2;500;Teste
189;0;0;2;0;1;1;400;Teste
190;1;0;2;0;1;1;400;Treino
191;0;0;2;0;1;1;100;Teste
192;1;0;2;0;1;1;200;Treino
193;1;0;1;0;1;1;90;Treino
194;0;0;3;0;1;1;100;Treino
195;0;0;8;0;1;1;300;Teste
196;1;0;9;0;1;1;100;Teste
197;0;0;4;0;1;1;300;Treino
198;0;0;1;1;1;1;400;Treino
199;0;0;1;1;1;1;100;Treino
200;1;0;2;0;1;1;400;Teste
201;1;0;3;0;1;1;1000;Treino
202;1;0;2;0;1;2;600;Teste
203;1;1;9;1;1;1;300;Treino
204;0;0;2;1;1;1;200;Teste
205;0;0;3;0;1;1;300;Treino
206;1;0;1;0;1;1;300;Teste
207;0;0;1;1;0;1;200;Teste
208;0;0;2;0;1;1;300;Treino
209;0;0;2;0;1;1;700;Treino
210;0;0;2;0;1;2;800;Teste
211;1;0;8;0;1;3;700;Teste
212;1;0;1;0;1;3;300;Teste
213;0;0;1;0;1;1;100;Teste
214;1;0;1;1;1;1;100;Treino
215;0;0;1;0;1;1;400;Teste
216;0;0;4;0;1;1;500;Teste
217;1;0;1;0;0;1;200;Treino
218;0;0;2;1;1;3;700;Treino
219;1;1;9;1;1;1;100;Treino
220;0;0;1;0;1;1;300;Treino
221;0;0;1;0;1;1;100;Treino
222;0;0;4;1;1;3;400;Treino
223;0;0;2;0;1;2;100;Teste
224;0;0;4;0;1;8;2000;Treino
225;0;0;4;0;1;1;200;Teste
226;1;0;2;0;1;1;90;Teste
227;0;0;3;0;1;2;100;Teste
228;0;0;1;1;1;1;500;Teste
229;1;0;1;0;1;2;300;Treino
230;0;0;1;1;1;1;400;Teste
231;0;0;6;1;1;3;900;Treino
232;0;0;1;0;1;1;300;Teste
233;0;0;5;0;1;1;200;Treino
234;0;1;1;0;1;1;100;Treino
235;1;0;1;1;1;1;400;Treino
236;0;0;1;1;1;1;300;Teste
237;0;0;2;0;1;1;100;Teste
238;0;0;1;0;1;1;100;Teste
239;1;0;5;1;1;1;100;Treino
240;0;0;5;1;1;1;200;Teste
241;0;0;1;0;1;1;600;Treino
242;0;0;2;0;1;1;300;Treino
243;0;0;3;1;1;2;900;Teste
244;1;0;3;0;1;1;300;Teste
245;0;0;1;0;1;1;100;Teste
246;0;0;1;1;1;1;200;Teste
247;0;0;3;1;1;3;700;Treino
248;0;0;1;0;1;1;300;Treino
249;1;0;4;0;1;2;400;Teste
250;1;0;2;0;1;6;2000;Teste
251;0;0;1;0;1;2;600;Teste
252;0;0;1;0;1;1;300;Treino
253;0;0;6;1;1;1;400;Treino
254;0;0;2;0;1;1;300;Teste
255;0;0;2;0;1;1;100;Treino
256;1;0;1;0;1;1;100;Treino
257;0;0;1;0;1;1;300;Teste
258;1;0;2;1;1;1;100;Teste
259;0;0;1;0;1;1;100;Teste
260;0;0;2;0;0;1;400;Treino
261;0;0;2;0;1;1;300;Teste
262;0;0;4;0;1;2;1000;Teste
263;1;0;6;1;1;4;1000;Teste
264;0;0;1;1;1;1;300;Teste
265;1;1;9;1;1;2;500;Teste
266;0;0;6;1;1;7;2000;Teste
267;0;0;1;1;0;4;700;Teste
268;0;0;1;0;1;4;1000;Treino
269;0;0;1;1;1;1;300;Teste
270;0;0;1;0;1;1;200;Treino
271;1;0;2;1;1;2;500;Treino
272;1;0;4;1;1;2;300;Teste
273;1;0;3;0;1;1;1000;Treino
274;1;0;1;0;1;1;300;Teste
275;1;0;1;0;1;1;200;Teste
276;1;0;1;0;1;1;300;Teste
277;0;0;1;1;1;1;200;Treino
278;0;0;2;1;1;1;100;Teste
279;0;0;2;0;1;1;1000;Treino
280;1;0;1;1;1;8;1000;Treino
281;0;0;14;0;1;6;1000;Teste
282;0;0;14;0;0;3;400;Treino
283;0;0;14;0;1;2;300;Teste
284;1;0;2;0;1;1;1000;Treino
285;1;0;4;0;1;2;400;Treino
286;0;0;1;1;1;1;100;Teste
287;0;0;1;0;1;1;400;Treino
288;0;0;1;0;1;1;100;Teste
289;1;0;1;0;1;1;400;Teste
290;0;0;3;0;1;1;90;Treino
291;0;0;2;1;1;1;500;Treino
292;1;0;1;1;1;1;300;Teste
293;1;0;1;0;1;1;90;Treino
294;1;0;2;0;1;1;300;Treino
295;0;0;4;0;1;1;200;Treino
296;0;0;1;1;1;1;100;Teste
297;1;0;1;0;1;1;100;Teste
298;0;0;5;0;1;2;500;Teste
299;0;0;1;0;1;3;200;Treino
300;1;0;1;0;1;5;1000;Treino
301;1;0;3;0;1;3;500;Teste
302;1;0;9;0;1;2;200;Teste
303;0;0;1;0;1;1;200;Teste
304;1;0;3;0;1;3;400;Treino
305;0;0;1;1;1;1;100;Treino
306;1;1;9;1;1;2;500;Teste
307;1;0;2;0;1;1;400;Treino
308;0;0;6;1;1;8;1000;Teste
309;0;0;1;0;1;1;100;Treino
310;0;0;1;0;4;9;2000;Teste
311;1;0;4;0;1;2;200;Teste
312;0;0;1;0;1;1;400;Teste
313;1;0;1;0;1;1;300;Teste
314;0;0;2;0;1;1;100;Teste
315;0;0;4;0;1;2;200;Treino
316;0;0;2;0;1;2;500;Treino
317;0;0;1;1;1;2;600;Teste
318;0;1;1;0;1;1;200;Teste
319;0;0;1;1;1;2;400;Teste
320;0;0;1;0;1;2;700;Treino
321;0;0;1;0;1;1;100;Treino
322;0;0;1;0;1;2;200;Teste
323;1;1;1;0;1;1;400;Teste
324;0;1;4;1;1;1;600;Treino
325;0;0;1;0;1;1;1000;Teste
326;1;0;4;0;1;2;200;Treino
327;0;0;3;0;1;1;300;Treino
328;0;0;1;0;1;1;200;Teste
329;0;0;1;0;1;1;100;Treino
330;1;0;8;0;1;3;800;Treino
331;0;1;4;1;1;2;300;Teste
332;0;0;1;0;1;1;100;Teste
333;0;0;2;1;1;1;500;Teste
334;0;0;1;0;1;2;300;Treino
335;1;0;8;0;1;1;400;Teste
336;0;0;4;0;1;1;100;Treino
337;0;0;2;0;1;1;300;Teste
338;1;0;1;1;1;1;100;Treino
339;0;0;1;0;1;1;200;Treino
340;1;0;1;0;1;1;100;Teste
341;0;0;1;0;1;3;500;Teste
342;0;0;3;1;1;3;1000;Teste
343;0;0;2;1;1;1;300;Treino
344;0;0;2;1;1;1;300;Teste
345;1;0;2;1;1;2;200;Treino
346;1;0;1;0;1;1;200;Treino
347;0;0;1;1;1;1;100;Teste
348;1;0;3;0;1;1;500;Teste
349;1;0;3;0;1;1;100;Treino
350;0;0;1;1;1;1;90;Teste
351;1;0;2;1;1;1;600;Teste
352;0;0;1;0;1;1;300;Teste
353;1;0;3;0;1;1;600;Treino
354;0;0;1;1;1;1;300;Treino
355;0;0;2;0;1;2;1000;Treino
356;0;0;1;1;1;1;300;Treino
357;1;0;2;1;1;1;100;Treino
358;0;0;1;0;1;1;500;Treino
359;0;0;1;1;1;3;1000;Treino
360;0;0;1;0;1;1;100;Teste
361;1;0;1;0;1;1;500;Treino
362;1;0;2;1;1;3;1000;Teste
363;0;0;1;0;1;1;100;Teste
364;0;0;6;1;1;10;2000;Teste
365;1;0;1;0;1;1;200;Teste
366;0;0;2;0;1;1;300;Teste
367;0;0;1;1;1;1;100;Treino
368;0;0;3;0;1;1;100;Treino
369;0;0;2;0;1;1;300;Treino
370;0;0;1;1;1;1;200;Teste
371;1;0;4;0;1;2;400;Treino
372;0;0;1;0;1;1;400;Teste
373;0;0;2;1;0;1;200;Treino
374;1;0;5;0;1;1;200;Teste
375;0;0;1;1;1;1;300;Treino
376;0;0;1;0;1;1;100;Teste
377;0;1;1;1;1;1;200;Treino
378;1;0;1;0;1;40;10000;Treino
379;0;0;1;0;1;3;1000;Teste
380;1;0;3;1;1;1;200;Teste
381;0;0;2;0;1;1;400;Treino
382;1;0;2;0;1;1;200;Treino
383;1;0;8;0;1;1;500;Treino
384;1;0;8;0;1;1;200;Treino
385;0;0;1;0;1;4;400;Teste
386;0;0;1;1;1;1;300;Teste
387;0;0;1;0;1;1;200;Teste
388;1;0;4;1;1;2;300;Teste
389;1;0;3;0;1;7;2000;Teste
390;0;0;1;0;1;1;400;Treino
391;0;0;1;1;1;1;500;Treino
392;1;0;3;1;1;1;500;Teste
393;1;1;9;1;1;2;500;Teste
394;1;0;2;0;1;1;300;Teste
395;0;0;3;0;1;1;100;Treino
396;0;0;1;0;1;1;500;Teste
397;1;0;1;0;0;1;90;Teste
398;1;0;3;1;1;1;600;Teste
399;1;0;1;0;1;2;200;Teste
400;1;0;1;0;1;1;300;Teste
401;0;0;2;0;1;1;500;Teste
402;0;0;1;1;0;1;200;Treino
403;1;0;1;0;1;1;100;Treino
404;0;0;2;0;1;1;300;Treino
405;0;1;1;1;1;1;200;Teste
406;0;0;1;1;1;1;200;Treino
407;0;0;1;0;1;3;300;Treino
408;0;0;2;0;1;1;300;Treino
409;0;0;3;1;1;1;100;Teste
410;0;0;3;0;1;3;400;Teste
411;0;0;2;0;1;1;100;Teste
412;1;0;3;1;1;1;500;Teste
413;0;0;5;0;1;3;1000;Treino
414;0;0;1;1;1;2;800;Teste
415;0;0;14;0;1;1;200;Teste
416;0;0;14;0;1;2;400;Teste
417;0;0;2;0;1;1;400;Teste
418;0;0;3;1;1;2;700;Treino
419;1;0;2;0;1;2;200;Treino
420;0;0;1;1;1;2;400;Teste
421;0;0;2;0;1;1;200;Treino
422;0;0;4;1;1;1;300;Treino
423;1;0;1;0;1;1;100;Treino
424;0;0;4;1;1;1;200;Treino
425;0;0;1;1;1;1;200;Teste
426;0;0;1;1;1;1;500;Teste
427;0;0;3;0;1;1;300;Teste
428;1;0;2;0;1;5;1000;Teste
429;1;0;2;1;1;2;600;Treino
430;1;0;3;0;1;7;2000;Teste
431;0;0;2;0;1;1;300;Teste
432;0;0;2;0;1;1;300;Teste
433;0;0;1;0;1;1;100;Treino
434;0;0;8;0;1;2;800;Treino
435;0;0;1;0;1;1;300;Treino
436;0;0;2;0;1;1;400;Teste
437;1;0;1;0;1;1;200;Treino
438;1;0;3;0;1;1;200;Teste
439;0;0;1;1;1;2;500;Treino
440;0;0;4;0;1;1;600;Treino
441;1;0;1;0;1;1;100;Treino
442;1;0;3;0;1;3;600;Treino
443;0;0;4;0;1;2;300;Treino
444;0;0;1;1;1;1;100;Treino
445;0;0;1;1;1;1;400;Treino
446;1;0;4;0;1;2;900;Teste
447;0;0;1;0;1;1;200;Treino
448;1;0;1;1;1;1;90;Teste
449;1;0;2;0;1;1;500;Teste
450;0;0;1;0;1;3;500;Treino
451;1;0;8;0;1;4;900;Treino
452;0;0;1;0;1;1;500;Teste
453;0;0;1;0;1;1;400;Teste
454;1;0;1;0;1;2;500;Treino
455;0;0;1;0;1;3;300;Treino
456;1;0;8;0;1;5;1000;Teste
457;0;0;1;0;1;1;400;Treino
458;0;0;1;1;1;1;100;Treino
459;0;0;1;1;0;1;300;Teste
460;1;0;4;1;1;1;200;Treino
461;1;0;6;1;1;1;100;Teste
462;1;0;1;0;1;30;10000;Treino
463;0;0;1;0;1;5;500;Teste
464;0;0;1;1;1;3;600;Teste
465;1;0;1;1;1;1;100;Treino
466;1;0;2;0;1;1;400;Teste
467;1;0;1;0;1;1;100;Treino
468;0;0;1;1;1;1;200;Teste
469;0;0;1;0;1;2;200;Treino
470;1;0;6;1;1;1;100;Treino
471;1;0;2;0;1;1;400;Treino
472;1;0;9;0;1;2;200;Teste
473;0;0;1;0;1;1;100;Teste
474;0;0;9;0;1;2;200;Treino
475;1;0;2;1;1;1;100;Treino
476;0;0;1;0;1;1;300;Teste
477;1;0;2;0;1;1;100;Teste
478;0;0;1;1;1;1;100;Teste
479;0;0;1;1;1;1;800;Teste
480;0;0;1;0;1;1;100;Teste
481;0;0;1;0;1;1;400;Teste
482;0;0;7;0;1;1;100;Teste
483;0;0;1;0;1;1;600;Treino
484;1;0;1;1;1;3;800;Treino
485;0;0;2;1;1;1;100;Treino
486;0;0;1;0;1;1;100;Treino
487;1;0;2;1;1;1;100;Treino
488;0;0;2;1;1;1;300;Teste
489;0;0;1;1;1;8;1000;Teste
490;0;0;1;0;1;1;100;Treino
491;1;0;2;0;1;1;100;Treino
492;1;0;2;0;0;2;200;Treino
493;0;1;2;1;1;1;200;Treino
494;0;0;5;1;1;2;500;Treino
495;1;0;2;0;0;2;200;Treino
496;0;0;1;1;1;1;100;Teste
497;0;1;1;0;1;1;400;Teste
498;0;0;1;0;1;1;100;Treino
499;1;0;3;0;1;7;2000;Treino
500;0;0;1;0;1;1;100;Treino
501;0;0;1;0;1;1;100;Treino
502;0;0;2;1;0;1;300;Teste
503;0;0;2;0;1;1;300;Teste
504;0;0;2;0;1;2;200;Treino
505;0;0;1;0;1;1;100;Teste
506;1;0;1;0;1;4;1000;Treino
507;0;0;1;0;1;7;600;Teste
508;0;1;2;0;1;1;600;Treino
509;0;0;1;0;1;9;1000;Treino
510;1;0;3;0;1;3;600;Teste
511;0;0;4;0;1;1;100;Treino
512;0;0;2;0;1;1;100;Treino
513;0;0;1;0;1;1;200;Teste
514;0;0;1;0;1;1;300;Treino
515;0;0;6;1;1;4;1000;Treino
516;0;0;2;0;1;1;200;Teste
517;0;0;1;0;1;1;300;Treino
518;0;0;1;0;1;1;300;Teste
519;0;0;1;1;1;2;500;Teste
520;1;0;2;0;1;1;300;Teste
521;0;0;1;0;1;1;300;Teste
522;0;0;1;0;1;1;300;Teste
523;0;0;1;1;1;1;100;Teste
524;1;0;1;1;0;1;400;Teste
525;0;0;1;1;1;3;400;Treino
526;0;0;1;0;1;1;500;Treino
527;0;0;2;1;1;1;200;Teste
528;1;0;1;0;1;2;1000;Treino
529;0;0;2;0;1;1;100;Teste
530;0;0;2;0;1;1;400;Treino
531;0;0;1;0;1;1;100;Treino
532;0;0;2;0;1;1;300;Treino
533;0;0;1;1;1;1;100;Teste
534;1;0;2;0;1;1;100;Treino
535;0;0;1;0;1;2;100;Teste
536;0;0;2;1;1;2;300;Treino
537;0;1;1;1;1;1;200;Treino
538;0;0;2;1;1;1;200;Treino
539;0;0;6;1;1;1;100;Treino
540;0;0;1;0;1;1;500;Teste
541;0;0;2;0;1;1;100;Treino
542;0;0;3;0;1;2;300;Teste
543;0;0;1;0;1;3;400;Treino
544;0;0;1;0;1;1;1000;Teste
545;0;0;1;0;1;1;100;Treino
546;0;0;1;1;1;1;300;Teste
547;0;0;3;0;1;1;200;Treino
548;0;0;1;0;1;7;3000;Treino
549;0;0;2;1;1;1;300;Teste
550;0;0;2;1;1;1;300;Teste
551;0;0;1;0;1;1;400;Teste
552;0;0;1;1;1;3;200;Treino
553;0;0;2;0;1;1;500;Teste
554;0;0;4;1;1;2;200;Treino
555;0;0;1;0;1;1;300;Treino
556;0;0;1;0;1;1;200;Treino
557;0;0;1;0;1;7;2000;Treino
558;0;0;4;0;1;2;400;Treino
559;0;0;1;0;1;1;300;Teste
560;1;0;3;1;0;1;400;Teste
561;1;0;9;0;1;1;100;Treino
562;0;0;4;0;1;1;200;Treino
563;0;0;1;1;1;9;1000;Treino
564;0;0;1;0;1;1;300;Teste
565;0;0;2;0;1;1;300;Treino
566;0;0;2;0;1;1;100;Teste
567;1;0;9;0;1;1;100;Treino
568;0;0;1;0;1;2;600;Teste
569;0;0;4;1;1;2;200;Treino
570;0;0;9;0;1;1;100;Treino
571;0;0;1;0;1;1;200;Teste
572;0;0;14;0;1;1;200;Treino
573;0;0;1;0;1;1;100;Treino
574;0;0;1;1;1;1;100;Teste
575;0;0;4;1;1;1;200;Teste
576;0;0;1;0;1;1;300;Treino
577;0;0;1;0;1;1;100;Teste
578;0;0;1;0;1;1;100;Teste
579;0;0;3;1;1;1;300;Teste
580;0;0;1;0;1;4;2000;Teste
581;0;0;2;1;1;1;600;Teste
582;0;0;1;0;1;1;300;Treino
583;1;1;1;1;0;1;400;Teste
584;0;0;3;1;1;1;500;Treino
585;0;0;1;1;1;2;300;Teste
586;0;0;1;0;1;2;400;Teste
587;0;0;1;0;1;2;100;Treino
588;0;0;2;1;1;1;90;Treino
589;0;0;1;1;1;1;100;Teste
590;0;0;1;1;1;1;300;Treino
591;1;0;9;0;1;1;100;Treino
592;0;0;1;0;1;1;300;Teste
593;0;0;1;0;1;1;500;Teste
594;0;0;6;1;1;1;100;Treino
595;0;0;1;1;1;1;100;Teste
596;0;0;3;1;1;2;300;Teste
597;0;0;1;0;1;5;1000;Treino
598;0;0;1;0;1;1;300;Treino
599;0;0;1;0;4;1;200;Teste
600;0;0;1;0;1;4;1000;Treino
601;0;1;4;1;0;1;300;Treino
602;0;0;1;0;1;1;100;Teste
603;0;0;1;0;1;1;400;Treino
604;0;0;2;1;1;1;200;Treino
605;0;0;1;1;1;2;1000;Treino
606;0;0;1;0;1;4;400;Teste
607;0;0;1;1;1;1;100;Treino
608;0;0;3;1;1;3;300;Treino
609;0;0;1;1;4;2;700;Treino
610;0;0;1;0;1;1;300;Teste
611;0;0;1;0;1;2;200;Teste
612;0;0;14;0;1;1;200;Teste
613;0;0;8;0;1;1;400;Treino
614;0;0;14;0;1;2;800;Treino
615;0;0;2;1;1;1;100;Treino
616;0;0;1;1;1;1;100;Treino
617;0;0;4;0;1;1;600;Treino
618;0;1;1;0;1;1;100;Teste
619;0;0;9;0;1;1;100;Treino
620;0;0;1;0;1;1;100;Treino
621;0;1;1;0;1;1;400;Treino
622;0;0;2;0;1;1;100;Teste
623;0;0;1;0;1;2;800;Treino
624;0;0;8;0;1;1;300;Treino
625;0;0;1;0;1;1;300;Teste
626;0;0;1;1;1;1;200;Treino
627;0;0;4;0;1;3;1000;Teste
628;0;0;4;0;1;6;1000;Treino
629;0;0;1;0;1;2;600;Treino
630;0;0;1;0;1;1;200;Treino
631;1;0;8;0;1;1;300;Teste
632;0;0;6;1;1;3;1000;Treino
633;0;0;7;0;1;1;100;Teste
634;0;0;9;0;1;1;200;Treino
635;0;0;1;0;4;1;500;Teste
636;0;1;2;0;1;1;600;Teste
637;0;0;2;0;1;2;200;Teste
638;0;0;1;1;1;1;200;Teste
639;0;0;2;0;1;2;600;Teste
640;0;0;2;0;1;1;600;Treino
641;1;0;2;0;1;1;600;Teste
642;0;0;14;0;1;1;400;Treino
643;0;0;2;0;1;1;200;Treino
644;0;0;2;0;1;7;2000;Teste
645;0;0;1;0;1;1;100;Treino
646;0;0;1;0;1;1;500;Treino
647;0;0;6;1;1;1;1000;Teste
648;0;0;1;0;1;1;100;Treino
649;1;0;3;0;1;2;300;Treino
650;0;0;3;0;1;1;100;Treino
651;0;0;14;0;1;1;100;Treino
652;0;0;1;0;1;1;400;Treino
653;0;0;8;0;1;1;400;Treino
654;1;0;9;0;1;3;500;Treino
655;0;0;1;0;1;1;200;Teste
656;0;0;1;0;1;3;400;Teste
657;0;0;1;1;1;5;400;Treino
658;1;0;1;0;1;1;400;Teste
659;0;0;1;0;0;2;400;Treino
660;0;0;4;0;1;3;400;Teste
661;0;0;1;0;1;3;900;Treino
662;0;0;1;0;1;3;400;Treino
663;0;0;5;0;1;4;1000;Treino
664;0;0;2;0;1;2;100;Teste
665;0;0;1;0;1;2;400;Teste
666;0;0;1;0;1;2;200;Teste
667;0;0;2;1;1;3;600;Treino
668;0;0;1;0;1;2;400;Treino
669;1;0;1;0;1;1;100;Teste
670;0;0;2;0;1;1;100;Teste
671;1;0;4;0;1;2;1000;Teste
672;1;0;4;0;1;1;200;Treino
673;1;0;4;0;1;1;200;Teste
674;0;0;1;0;1;1;300;Treino
675;0;0;1;0;1;3;1000;Teste
676;0;0;9;0;1;3;400;Teste
677;1;0;4;0;1;1;500;Treino
678;0;0;1;1;1;3;700;Teste
679;0;0;1;0;1;4;500;Treino
680;0;0;1;0;1;1;400;Teste
681;0;0;1;0;1;2;600;Treino
682;0;0;1;0;1;1;100;Teste
683;0;0;9;0;1;1;300;Teste
684;0;0;9;0;1;1;100;Treino
685;0;0;1;0;1;2;500;Teste
686;0;1;9;1;1;2;200;Treino
687;0;0;2;0;1;2;400;Treino
688;0;0;2;0;1;2;600;Teste
689;0;1;2;1;1;1;400;Teste
690;0;0;8;0;1;3;500;Treino
691;0;0;7;0;1;1;400;Teste
692;0;0;1;1;1;3;400;Teste
693;0;0;1;1;1;1;300;Teste
694;0;1;1;0;1;5;700;Teste
695;0;0;1;0;1;2;500;Teste
696;0;0;1;0;1;1;600;Treino
697;0;0;3;1;1;4;400;Teste
698;0;0;3;1;1;1;100;Teste
699;0;0;1;0;1;2;100;Treino
700;0;0;1;0;1;6;1000;Treino
701;0;0;3;0;1;2;300;Treino
702;0;0;2;0;1;6;1000;Teste
703;0;1;1;0;1;1;200;Treino
704;0;0;4;0;1;2;1000;Teste
705;0;0;1;0;1;3;90;Treino
706;0;0;1;0;1;2;400;Treino
707;0;0;2;0;1;9;2000;Treino
708;0;0;2;0;1;1;100;Treino
709;0;0;1;0;1;1;100;Teste
710;0;0;1;0;1;1;200;Treino
711;0;0;6;1;1;1;100;Treino
712;0;0;1;0;1;1;100;Teste
713;0;0;1;1;1;1;100;Teste
714;0;0;1;0;1;1;100;Teste
715;0;0;6;1;1;1;100;Teste
716;0;0;5;0;1;6;1000;Treino
717;0;0;1;0;1;2;500;Teste
718;0;0;3;1;1;5;1000;Treino
719;0;0;1;0;1;3;300;Treino
720;0;0;1;1;1;1;400;Teste
721;1;0;1;0;1;1;200;Treino
722;0;0;1;0;1;2;400;Teste
723;0;0;3;1;1;1;300;Teste
724;0;0;1;0;1;1;500;Teste
725;0;0;1;0;1;2;400;Treino
726;0;0;3;1;1;1;400;Treino
727;0;0;1;1;1;2;600;Teste
728;0;0;1;0;1;2;400;Teste
729;0;0;1;0;1;1;300;Treino
730;0;0;1;1;1;1;100;Treino
